Hour,DayOfWeek,Temperature_F,Humidity_Pct,Visibility_mi,Wind_Speed_mph,Vehicle_Density,Traffic_Signal,Crossing,Accident_Risk_Level
6,6,79.5,31.0,7.8,11.3,62,0,0,0
19,0,71.7,47.3,9.5,24.6,91,1,0,2
14,1,99.2,33.2,7.9,0.0,57,1,0,0
10,5,57.5,33.6,6.3,15.3,88,1,1,2
7,5,73.2,95.8,8.6,15.4,83,0,0,2
20,4,84.0,55.6,6.9,11.4,27,1,1,1
6,5,69.8,83.1,4.4,9.9,32,1,1,0
18,2,98.7,71.2,8.9,11.4,20,0,1,0
22,6,86.1,74.1,2.6,10.4,41,1,0,1
10,3,82.8,30.5,7.3,18.3,25,1,0,1
10,4,87.9,38.7,8.9,3.4,83,1,0,1
23,2,97.6,82.9,7.4,4.9,21,1,0,0
20,2,95.4,97.7,7.1,4.5,118,1,0,2
3,0,86.2,41.0,7.7,6.6,41,0,0,0
7,5,87.5,41.7,4.9,13.1,81,1,1,2
23,1,57.3,57.8,8.8,2.8,23,0,0,0
2,1,55.1,98.7,2.4,21.7,34,0,1,1
21,4,78.5,41.5,1.7,7.4,49,1,0,1
20,6,50.9,52.6,3.2,4.1,22,1,0,1
1,1,74.1,91.3,5.5,16.9,82,1,1,1
23,3,60.5,20.2,5.4,1.0,66,1,0,0
11,1,67.3,23.2,8.3,15.5,40,1,0,0
5,4,88.8,68.3,4.3,17.5,104,1,0,2
1,1,97.1,92.6,5.1,5.4,88,1,0,1
20,3,53.6,39.1,0.6,1.0,56,0,0,2
0,0,76.7,57.6,4.4,9.1,23,1,0,0
11,6,94.1,56.0,6.7,2.5,113,0,0,1
21,4,54.1,57.8,0.6,2.9,48,1,0,1
11,0,91.2,69.8,3.2,6.4,11,0,0,0
16,0,67.9,57.6,2.5,7.4,48,1,0,1
9,0,66.1,55.8,0.9,13.2,72,0,0,2
15,2,98.9,57.9,5.1,17.0,38,1,1,1
14,6,60.0,67.3,2.2,14.8,70,1,0,2
14,5,84.7,63.0,7.6,3.7,73,0,0,0
18,6,91.1,88.3,8.6,4.3,59,1,0,1
11,2,52.1,24.0,5.7,22.0,14,1,1,0
22,5,83.5,86.7,9.8,14.0,100,1,0,0
19,6,97.6,87.5,4.8,21.7,46,0,0,2
2,0,56.2,42.8,5.4,9.3,45,1,0,0
4,4,94.8,57.0,9.9,15.4,81,1,0,0
18,5,79.7,55.1,2.7,13.1,107,1,0,2
6,3,80.8,37.5,9.5,8.0,73,0,0,0
20,3,80.6,51.7,0.9,11.7,14,1,0,2
8,1,64.9,23.6,4.7,12.6,14,1,1,1
6,5,96.8,42.2,1.2,5.0,106,1,0,2
17,4,97.4,85.3,7.4,7.9,95,1,0,2
3,2,81.3,42.8,6.3,19.8,64,1,0,1
13,0,89.2,85.5,7.2,22.9,55,0,1,1
17,1,80.6,62.5,4.1,9.0,25,1,1,1
8,3,74.2,90.4,4.0,7.7,12,1,0,1
20,2,83.0,66.0,0.9,4.9,69,0,0,2
1,2,77.7,22.4,3.8,17.0,96,1,0,2
19,0,79.9,74.0,9.3,8.1,117,0,0,2
14,5,89.2,23.6,4.1,24.7,107,1,0,2
6,3,74.0,56.0,8.4,8.1,82,1,0,0
11,4,52.0,94.4,8.5,9.9,89,0,0,0
7,2,58.2,33.2,4.0,15.1,34,1,0,2
14,0,71.9,51.2,6.5,20.0,89,1,0,1
2,4,86.2,78.4,1.4,11.7,53,0,0,1
13,5,79.7,90.6,1.5,10.6,13,1,0,1
16,3,82.5,73.7,1.0,24.9,21,1,0,2
3,5,74.0,40.7,6.0,0.3,73,1,0,0
17,2,80.8,74.0,4.5,22.4,62,0,0,2
7,4,66.5,43.7,5.7,3.7,61,1,0,1
3,4,73.5,77.5,5.5,19.6,66,0,0,1
1,4,87.2,96.3,3.8,15.4,99,1,0,2
5,2,93.6,77.7,6.9,8.5,56,0,0,0
21,2,71.7,89.0,7.7,21.8,65,1,0,1
9,5,52.2,20.2,0.6,0.3,44,1,0,2
3,1,58.1,77.4,2.5,5.7,42,1,1,1
21,5,51.0,86.4,7.3,14.2,47,1,0,0
17,3,82.7,23.2,4.2,8.8,67,0,1,2
11,0,66.6,89.7,6.8,15.3,23,0,0,0
1,4,77.1,40.5,3.8,0.6,104,1,1,1
9,1,74.7,73.2,4.2,2.9,54,1,0,1
3,0,54.1,84.0,2.0,3.2,37,0,0,0
13,1,70.2,73.0,3.0,4.7,17,1,0,0
15,6,61.0,27.4,6.3,11.5,82,1,0,1
14,5,70.9,67.7,4.6,18.8,101,1,1,2
7,2,60.2,64.0,7.9,22.6,66,0,0,2
13,4,92.0,92.0,8.6,20.9,97,0,0,1
22,5,58.7,52.3,5.6,4.9,47,0,0,0
7,0,98.0,45.7,7.7,11.0,53,1,0,1
20,6,70.8,80.0,3.4,5.0,40,1,1,1
15,6,92.3,53.0,4.4,6.6,112,1,0,1
12,6,81.4,71.7,7.3,12.6,14,1,0,0
17,0,86.8,71.7,4.2,1.7,99,1,0,2
14,0,88.4,91.0,6.1,5.5,10,1,1,0
20,0,75.2,67.9,2.3,23.4,61,1,0,2
23,0,77.2,60.2,6.2,11.7,5,0,0,0
12,6,75.7,31.1,8.7,11.1,75,1,0,0
8,6,79.4,29.3,8.8,0.4,62,1,0,0
14,1,51.5,32.3,7.4,6.2,95,0,0,0
12,5,69.8,33.7,7.6,21.7,25,1,1,0
0,4,80.3,71.0,5.8,4.1,96,0,0,1
6,2,79.9,79.3,6.1,10.4,84,1,1,1
8,6,89.6,62.4,1.8,0.4,60,1,0,2
23,2,82.8,86.3,4.7,12.0,114,1,0,2
0,5,99.6,99.3,4.8,0.5,91,1,1,1
11,5,64.2,85.6,9.6,20.5,24,0,0,0
7,2,68.0,75.6,4.6,20.6,106,1,0,2
23,6,69.2,62.6,5.7,19.7,58,0,0,1
10,2,73.3,55.9,5.6,7.1,29,1,0,1
18,1,91.8,26.8,6.5,20.9,32,1,0,2
16,3,61.8,51.9,7.6,13.6,9,1,0,0
7,6,88.8,92.8,2.6,9.3,25,1,1,2
2,6,70.3,84.6,5.5,15.6,22,1,1,0
2,4,80.1,37.3,8.3,0.3,51,1,0,0
0,0,81.6,57.3,4.9,3.6,74,1,1,0
4,3,68.6,85.3,3.1,18.6,61,1,1,2
9,5,75.6,25.4,6.7,6.1,97,0,0,2
6,6,70.7,51.0,8.3,15.0,23,1,0,0
8,2,53.5,88.1,1.1,9.6,101,1,0,2
6,3,71.9,52.3,7.9,21.4,69,0,0,1
8,4,54.9,26.2,8.3,23.8,113,1,0,2
7,5,70.3,63.4,4.9,22.1,7,0,1,2
11,0,79.6,88.9,9.8,6.8,46,1,0,0
1,0,79.0,67.2,8.0,4.9,25,0,0,0
0,4,83.1,38.1,7.8,11.9,103,1,0,1
15,4,54.8,50.7,7.6,0.2,109,0,0,0
22,2,82.6,56.0,1.9,0.6,44,1,0,0
22,6,65.6,66.3,2.6,13.8,71,1,0,2
23,0,70.0,80.7,4.9,13.0,29,1,0,0
4,5,92.9,27.9,3.0,24.9,113,1,0,2
2,3,50.5,91.2,4.4,5.0,106,1,0,1
11,5,79.4,21.0,8.9,6.5,113,0,0,0
7,1,79.9,49.6,8.3,2.8,59,0,0,1
21,1,69.8,22.2,6.5,22.9,88,1,0,1
2,4,61.9,51.4,8.7,19.4,56,1,0,0
0,2,61.7,62.1,7.9,20.6,48,0,0,0
2,1,94.2,60.9,4.6,22.6,113,1,0,2
4,0,72.1,33.3,2.4,13.1,102,0,1,2
14,5,66.5,71.7,5.4,11.3,89,0,0,1
13,5,72.4,23.6,7.5,8.3,60,1,0,0
2,4,83.5,81.0,4.6,14.7,59,1,1,1
0,6,57.3,95.7,6.8,11.4,116,1,0,1
4,6,72.5,47.2,1.4,11.3,91,1,0,2
22,3,79.4,61.4,7.6,23.4,74,1,1,1
13,4,97.4,50.3,8.2,24.6,119,1,0,2
6,3,62.6,20.5,7.2,19.9,81,0,0,1
8,6,68.0,50.9,9.7,18.9,117,0,1,2
14,4,69.0,83.3,8.4,17.0,91,1,0,1
14,4,80.3,67.7,9.1,4.2,77,1,0,0
9,4,67.8,28.1,9.4,1.5,85,1,0,1
12,6,76.7,87.8,8.1,17.3,70,0,0,0
18,3,89.1,62.5,6.9,18.2,23,0,0,1
6,3,85.3,87.3,0.6,1.2,87,1,0,2
16,4,72.3,66.4,4.9,23.2,11,0,1,0
19,1,93.2,64.8,5.9,2.3,67,1,1,1
3,2,77.9,28.4,3.4,7.1,46,0,1,1
4,6,77.0,33.4,3.5,16.8,46,0,0,1
22,2,51.7,97.8,9.6,4.2,63,1,0,0
6,2,99.3,38.3,9.0,1.4,24,1,1,0
12,3,56.1,98.2,8.6,8.3,77,1,1,0
14,3,61.6,62.6,4.4,19.1,21,0,0,1
10,1,52.6,30.9,0.6,10.3,31,1,0,2
3,2,82.0,27.9,1.3,16.3,51,0,0,2
12,2,61.2,36.7,3.5,14.5,6,1,0,0
6,4,59.0,94.1,0.6,0.6,67,1,0,1
18,3,54.4,53.1,0.7,24.7,66,0,1,2
21,2,55.2,51.6,9.2,1.0,104,1,0,0
1,5,79.2,45.1,7.2,24.2,23,0,0,0
9,1,84.4,31.8,3.4,13.7,21,1,0,2
12,5,69.9,59.0,1.8,24.1,73,1,0,2
20,5,74.0,30.4,5.4,2.9,43,1,0,1
5,6,84.3,86.8,0.6,12.3,86,0,0,2
11,6,50.9,49.6,9.4,4.2,75,1,0,0
11,1,66.2,50.0,4.4,1.3,85,1,0,1
19,5,98.7,57.9,4.3,15.4,43,1,0,2
10,2,79.0,55.5,4.2,5.2,40,1,0,1
22,3,62.7,99.6,1.2,14.7,44,0,0,1
6,1,76.1,63.6,6.6,2.8,49,1,1,0
0,4,67.1,27.1,7.5,8.3,8,0,0,0
0,5,76.6,68.6,6.9,19.5,106,0,1,1
19,1,56.3,32.1,1.8,10.9,29,1,0,2
12,0,56.6,22.5,6.0,15.7,73,1,1,1
8,0,57.2,97.7,5.9,16.2,34,1,1,1
2,6,97.0,81.9,8.7,21.1,80,1,0,1
6,3,86.6,98.4,4.1,8.1,72,1,0,1
5,2,58.1,58.2,4.0,17.2,92,1,0,2
7,3,59.4,62.6,6.4,24.0,33,1,1,2
8,3,86.5,33.5,6.5,18.3,77,0,0,2
4,3,57.8,39.8,5.0,12.2,72,1,0,1
0,3,61.7,87.1,4.7,15.8,55,0,0,1
18,4,98.2,48.5,5.2,18.5,28,1,1,2
9,4,62.8,86.1,8.7,15.3,18,1,0,0
11,6,83.1,76.7,4.9,0.4,73,1,0,0
23,1,98.9,34.2,9.4,4.9,22,1,0,0
14,0,68.7,60.6,5.3,20.3,46,0,0,1
21,3,50.9,74.2,9.5,6.8,61,1,0,0
23,6,62.2,38.8,8.4,18.3,87,0,0,1
8,1,91.5,86.5,3.9,9.3,16,1,0,1
19,0,93.2,63.6,8.7,13.0,86,1,1,2
16,5,88.4,33.2,1.5,1.7,21,1,0,0
16,2,55.7,66.6,9.3,4.5,34,0,0,0
19,4,89.8,100.0,6.5,23.9,92,0,0,2
11,5,95.9,32.0,1.0,22.3,79,0,0,2
6,0,80.0,85.3,6.6,16.3,103,1,0,1
1,5,97.0,36.6,9.8,11.5,27,1,0,0
2,2,91.3,82.6,1.2,16.9,85,0,0,2
16,6,83.3,78.8,5.8,15.5,5,1,0,0
4,0,78.9,44.0,7.6,14.2,83,1,0,1
16,5,67.4,46.1,8.2,1.5,36,1,1,0
23,4,58.0,83.4,4.4,15.8,13,1,0,0
16,4,80.2,56.9,2.4,19.2,19,1,1,1
16,1,65.9,78.5,0.9,24.9,32,0,0,2
1,5,93.3,31.8,6.0,0.3,28,0,0,0
1,3,99.7,88.2,4.8,18.3,64,0,0,1
21,5,87.6,76.9,9.5,14.3,39,1,1,0
22,6,54.5,92.6,1.1,10.9,90,1,0,2
4,0,64.4,30.6,7.0,3.2,31,1,0,0
0,0,55.5,67.4,0.7,10.2,87,0,0,2
0,6,82.5,67.9,2.1,8.9,113,1,0,2
18,5,88.3,48.3,4.8,7.6,80,0,0,2
1,6,96.3,56.7,4.8,18.3,24,0,0,0
20,2,71.9,23.0,7.0,17.5,69,1,0,2
11,6,95.1,79.7,9.1,14.7,89,1,1,0
5,4,93.9,63.9,6.6,23.5,53,1,0,1
22,6,65.9,24.6,9.6,8.7,113,1,0,0
3,0,93.4,74.5,8.9,6.1,5,0,0,0
22,4,68.8,57.3,6.1,16.4,14,0,1,0
10,0,64.8,22.8,8.4,5.0,51,1,1,0
23,1,82.5,97.6,6.6,7.9,63,1,1,0
16,3,66.4,95.9,1.2,5.6,100,1,0,2
5,0,81.5,61.0,7.5,1.7,66,1,1,0
23,4,80.5,27.5,1.4,20.7,107,1,0,2
4,1,78.2,80.4,6.1,6.4,90,0,0,1
19,0,69.0,59.4,7.2,11.8,22,0,0,1
1,2,77.4,44.2,1.1,1.1,116,1,0,2
5,6,79.8,59.3,2.7,17.5,50,0,1,1
21,3,77.3,61.8,9.2,8.3,36,1,0,0
10,0,72.2,65.0,6.4,18.6,31,1,0,1
15,1,50.7,55.3,2.8,10.3,96,1,0,2
15,2,79.4,68.5,7.1,4.9,22,0,0,0
0,5,58.4,93.5,6.2,12.8,43,0,0,0
8,1,82.1,49.0,5.3,3.3,53,1,0,1
5,6,88.0,78.1,9.8,11.0,97,1,1,0
15,1,75.0,91.6,7.0,7.9,86,1,0,0
2,2,77.1,56.5,4.1,22.8,48,1,0,1
19,1,97.6,55.5,8.1,1.5,76,1,0,1
3,2,92.4,68.2,8.9,17.4,58,1,0,0
18,0,95.7,67.3,1.7,4.6,99,1,1,2
2,2,90.7,84.5,2.4,8.0,38,1,0,1
18,2,55.4,58.1,2.6,10.4,75,1,0,2
19,3,57.4,99.7,7.1,22.7,40,0,0,2
6,2,76.3,24.8,6.2,6.1,22,1,0,0
19,2,62.3,20.3,6.4,2.3,42,1,0,1
8,5,73.8,71.2,9.4,8.0,63,1,0,1
0,0,69.7,43.9,7.9,2.6,13,1,0,0
7,6,77.5,39.2,1.7,3.2,77,1,0,2
6,3,87.3,45.0,3.8,14.3,114,1,0,2
17,5,85.8,40.5,4.6,1.5,76,1,0,2
7,4,76.1,22.5,4.3,0.8,55,1,0,1
0,0,91.1,97.7,6.9,17.9,39,1,0,0
10,0,71.5,37.7,9.0,9.0,86,1,1,1
17,4,94.8,78.7,3.4,3.1,9,1,0,1
22,6,53.6,81.0,5.7,6.3,18,0,0,0
9,2,97.7,94.3,8.0,16.1,96,1,0,2
2,5,82.7,22.4,4.5,6.9,34,0,1,0
6,1,69.0,89.8,2.1,12.4,8,1,0,0
15,3,59.9,62.2,5.0,3.0,43,0,1,0
15,1,74.0,70.6,1.0,14.7,88,1,0,2
19,4,59.7,71.6,9.5,7.9,68,1,1,1
16,0,58.3,85.6,1.2,15.7,29,0,1,1
1,6,80.9,46.7,4.7,20.2,32,0,0,1
0,0,76.2,78.6,5.5,15.3,80,0,0,1
15,3,83.5,62.3,9.9,7.4,70,1,0,0
11,0,96.5,83.5,2.1,6.4,111,1,0,2
4,0,76.6,99.2,1.6,8.2,82,0,0,2
4,3,79.0,36.1,0.6,4.1,26,0,0,1
22,5,54.5,99.6,2.0,4.5,35,1,0,1
8,5,85.9,27.2,2.5,19.8,27,0,0,2
8,3,70.0,20.2,6.5,9.6,52,1,0,1
2,6,98.8,23.5,2.6,10.9,24,0,0,1
18,4,91.2,47.3,0.7,14.9,42,1,0,2
15,0,76.1,70.6,8.4,14.7,59,0,1,0
15,6,56.2,25.5,4.0,1.7,72,1,0,1
2,0,93.0,20.5,3.9,20.8,83,0,0,2
19,4,90.0,95.0,3.4,4.4,92,1,0,2
23,5,59.2,85.8,9.8,18.1,93,1,0,1
21,6,64.8,84.7,2.1,19.3,5,1,0,1
23,2,89.7,90.8,9.0,17.9,11,1,0,0
0,2,59.3,76.0,7.9,14.5,61,1,1,0
23,2,95.9,28.4,1.2,0.4,99,1,0,2
19,5,71.2,51.9,9.9,9.0,16,1,0,0
10,5,54.4,77.9,3.1,15.1,110,0,1,2
16,4,90.8,42.4,1.4,9.7,9,1,0,0
7,0,68.7,75.0,8.4,21.6,112,1,1,2
3,4,76.3,22.0,7.2,7.7,54,0,1,0
5,4,55.6,44.5,6.4,7.3,46,0,0,0
7,5,50.1,63.9,2.0,6.6,106,0,0,2
19,2,81.9,70.6,5.0,8.3,16,1,0,1
2,1,75.8,66.2,7.9,13.9,107,0,0,1
15,0,79.7,75.8,3.4,17.7,22,0,0,1
2,5,89.7,20.5,3.5,16.6,70,0,1,1
17,2,82.3,28.1,0.5,20.2,78,1,0,2
13,6,58.7,89.5,2.2,22.1,83,1,0,2
17,1,68.0,74.5,8.8,20.4,98,1,0,2
1,1,95.3,29.0,4.7,0.5,112,0,0,1
21,5,88.5,87.4,9.9,18.4,21,0,0,0
2,3,77.8,39.4,4.3,5.2,72,1,0,1
15,0,62.8,58.3,7.3,3.3,75,1,0,0
8,1,65.1,31.6,3.2,16.0,66,1,0,2
3,5,86.6,76.8,4.0,8.0,45,0,0,0
0,5,92.6,73.3,2.3,1.4,99,1,0,1
3,2,83.6,36.9,3.8,3.4,119,1,0,2
0,6,90.5,89.1,5.7,0.0,107,0,0,1
13,3,88.3,52.1,9.9,22.6,38,0,0,0
20,0,57.5,43.4,6.8,0.6,74,1,0,1
15,4,71.2,32.2,2.4,5.2,118,1,0,2
19,6,57.6,41.3,0.9,10.4,106,1,0,2
23,6,61.8,21.8,1.7,8.9,49,1,0,1
7,2,93.5,66.7,5.8,22.8,62,1,0,2
6,1,73.6,87.4,7.8,1.0,55,0,0,0
2,1,76.8,63.9,9.4,12.8,38,1,0,0
16,2,58.9,37.5,0.7,17.0,48,1,0,2
0,5,65.6,22.7,5.5,23.3,19,0,1,1
15,1,61.5,37.2,5.0,15.5,82,1,0,1
11,3,60.3,53.3,6.7,20.1,74,0,0,1
18,0,81.9,80.8,5.8,2.1,54,1,0,1
21,6,62.8,35.0,7.0,9.6,105,1,0,1
22,6,81.6,77.6,6.8,9.3,118,1,1,1
21,3,52.9,89.4,1.6,22.2,36,1,0,2
13,1,57.1,56.3,8.1,3.8,71,0,1,0
5,6,63.7,85.7,1.7,3.8,7,1,0,0
5,4,79.9,64.4,7.1,8.2,90,1,0,0
12,0,83.8,71.0,4.5,1.4,90,1,0,1
18,0,72.1,62.1,5.4,4.6,78,1,0,2
21,6,72.3,57.1,9.1,24.1,55,1,0,0
7,2,86.2,38.8,9.0,10.7,71,0,0,1
1,6,50.8,44.3,8.3,15.8,80,1,0,0
20,2,67.1,43.2,5.3,18.2,97,0,0,2
0,6,90.9,65.1,7.5,9.2,52,0,1,0
14,4,80.2,29.6,5.4,3.7,21,1,0,0
0,5,66.9,93.3,8.8,5.2,11,1,0,0
4,0,95.3,77.7,4.3,7.8,17,0,0,0
15,6,88.6,52.1,9.7,15.9,70,1,0,0
18,4,63.2,32.7,9.4,10.0,8,0,0,0
3,2,82.3,90.6,7.5,0.2,14,1,0,0
2,2,79.8,85.9,3.2,13.1,107,1,1,2
16,0,70.1,77.7,1.8,23.0,92,1,0,2
16,3,68.3,41.7,8.6,20.3,21,0,0,0
11,6,67.2,52.2,2.1,20.6,56,1,0,2
13,1,80.9,28.2,8.6,19.9,10,1,0,0
20,2,72.1,35.1,5.2,8.1,87,1,0,2
5,5,91.6,82.6,4.4,19.1,73,1,0,1
2,5,83.5,77.2,9.1,3.6,100,1,0,0
8,2,53.5,67.5,6.2,16.4,78,0,1,2
4,3,82.0,91.7,6.0,16.0,13,1,0,0
23,3,63.6,66.7,5.8,0.6,95,1,0,0
16,4,79.6,57.4,4.0,19.7,81,0,0,2
13,5,84.0,47.2,8.0,22.6,87,1,0,1
20,4,61.5,95.2,2.9,6.7,25,0,0,1
2,5,72.8,26.6,9.4,20.3,28,1,0,0
0,6,59.5,94.5,9.0,2.1,106,1,0,0
19,6,52.6,86.1,3.7,15.0,8,1,1,1
20,1,68.9,30.4,7.4,12.1,28,1,1,1
22,6,68.1,65.2,5.9,13.6,63,0,0,1
0,1,99.8,89.3,3.7,23.2,103,1,1,2
2,6,72.3,65.7,9.9,21.8,7,0,0,0
17,0,66.7,92.6,0.7,19.6,72,1,0,2
9,6,79.0,95.4,2.9,6.8,105,0,1,2
21,4,54.4,53.8,5.4,22.8,44,1,0,1
2,2,98.1,50.2,5.5,2.4,52,1,0,0
7,4,81.7,94.9,6.1,21.3,58,1,0,2
13,2,87.7,74.0,7.6,8.2,39,1,0,0
23,3,58.5,29.3,6.4,1.3,99,1,1,0
17,4,70.5,23.4,6.2,16.7,60,1,0,2
14,3,71.1,65.2,1.0,5.8,112,0,0,2
21,1,91.1,94.4,4.1,6.1,93,1,0,1
22,1,50.1,87.5,2.7,7.7,44,0,0,1
1,0,65.0,74.1,3.0,1.6,81,0,0,1
9,6,99.1,31.1,5.8,4.4,72,1,0,1
1,4,73.7,40.3,2.4,0.1,50,0,0,0
16,3,69.1,90.0,3.3,11.1,82,0,0,1
7,2,56.0,34.6,2.8,2.1,17,0,1,1
0,1,98.7,42.3,9.5,17.1,31,0,0,0
8,6,51.0,30.4,9.5,5.9,10,0,0,0
10,1,86.9,74.1,6.3,23.6,21,1,0,2
21,2,88.4,95.5,9.3,21.8,40,0,1,0
15,6,62.2,41.5,8.0,7.2,108,1,1,1
6,6,83.6,58.0,6.1,19.6,117,0,0,2
9,3,54.6,70.7,0.6,20.1,103,1,0,2
22,3,62.9,100.0,7.8,24.7,85,0,0,1
2,4,89.4,28.4,7.2,14.9,109,1,0,1
17,4,93.2,59.9,6.3,2.0,6,1,0,0
23,5,80.4,50.8,7.7,16.2,81,0,0,1
12,5,75.3,89.3,5.4,15.6,56,1,1,1
6,0,58.0,58.1,7.2,16.0,70,1,0,1
3,1,53.2,28.9,9.4,7.7,56,0,1,0
12,4,55.9,70.8,4.1,21.5,96,1,0,2
19,3,61.4,81.7,7.2,24.0,47,1,0,2
0,2,67.1,20.2,5.0,5.4,94,1,0,1
7,3,69.0,88.7,6.9,2.2,26,1,0,0
13,1,67.3,34.9,7.7,4.9,115,1,0,1
15,5,62.0,64.2,0.9,20.5,111,1,1,2
13,3,75.5,53.3,6.6,16.9,59,1,1,1
11,0,91.3,77.6,2.7,15.9,71,1,1,2
18,1,64.0,49.7,6.9,10.0,103,0,0,2
22,5,97.1,89.6,4.9,14.4,64,1,1,1
14,2,93.7,78.4,7.8,7.7,62,0,0,0
1,5,58.1,71.8,1.7,11.9,16,0,0,1
1,6,89.3,83.7,6.5,19.8,92,1,0,1
22,0,78.7,80.3,3.1,24.5,73,1,0,2
21,1,78.3,22.9,8.6,23.3,88,0,0,1
18,2,69.6,51.6,9.3,23.3,107,1,0,2
21,0,75.1,94.5,10.0,10.1,43,1,1,0
21,5,69.9,30.1,8.1,11.7,17,1,0,0
16,0,77.0,79.0,7.7,17.6,45,1,0,0
19,1,81.4,98.0,2.5,23.1,61,1,1,2
9,4,83.7,24.2,3.7,3.5,57,0,0,2
5,0,76.6,74.6,4.9,7.6,113,0,1,1
14,6,86.1,57.5,7.8,3.5,16,1,0,0
21,0,57.1,66.3,9.2,15.3,17,0,0,0
10,5,60.6,26.8,2.3,7.7,78,1,0,2
4,5,90.9,23.4,9.3,8.2,101,1,0,0
0,2,66.1,73.3,7.1,1.8,61,1,0,0
7,5,51.1,85.9,6.3,8.7,44,0,0,1
20,3,57.7,82.6,2.4,21.6,84,1,0,2
11,1,61.2,63.5,1.0,5.8,49,1,1,1
11,1,97.9,28.0,5.9,17.4,39,1,0,0
4,4,78.7,75.0,6.7,15.7,7,0,0,0
6,4,96.6,39.4,2.5,21.6,9,1,0,1
3,1,78.8,92.9,5.8,3.3,94,1,0,1
5,6,74.0,87.1,8.6,24.4,15,1,0,0
12,4,65.7,76.8,8.4,14.6,75,1,1,0
19,2,80.3,95.9,9.3,24.9,60,0,0,2
14,5,57.0,22.5,4.0,22.8,14,0,0,1
2,1,94.9,78.9,3.5,5.5,110,1,0,2
22,4,91.5,46.4,7.6,1.4,38,1,0,0
7,1,65.9,92.5,4.6,6.4,71,1,1,2
19,3,97.6,41.3,1.3,13.2,76,0,0,2
15,0,91.3,78.0,3.2,4.3,35,0,0,0
12,5,83.3,90.2,4.5,4.2,79,0,0,1
17,1,56.1,23.3,3.3,11.6,113,0,0,2
9,0,73.9,51.8,3.7,0.8,75,1,0,2
18,4,75.3,81.0,3.3,3.0,113,1,0,2
16,0,61.6,56.4,0.9,10.4,70,0,1,2
23,5,54.0,41.4,6.6,1.6,74,1,1,0
18,1,88.8,37.6,6.2,9.9,45,0,0,1
22,3,56.1,30.5,6.7,11.9,67,1,0,0
4,6,79.7,88.6,2.3,11.3,36,0,0,1
20,4,96.8,66.0,3.3,21.7,24,1,1,2
22,1,93.8,26.1,6.4,13.3,61,1,1,0
8,5,63.9,50.6,6.2,11.7,102,1,1,2
11,4,92.6,49.4,5.3,10.3,54,1,0,0
20,2,50.0,34.5,3.8,20.4,84,1,0,2
0,0,50.9,54.8,9.2,22.4,29,1,1,0
0,6,80.1,46.6,3.7,21.3,16,0,0,1
14,5,68.2,47.3,4.8,16.8,75,1,0,1
1,2,69.3,79.1,6.9,3.4,43,1,0,0
21,1,78.2,37.9,5.7,6.9,21,0,0,0
15,3,59.6,71.3,3.8,1.2,49,1,0,0
7,4,60.6,65.7,4.6,23.3,15,1,0,2
12,0,74.2,65.4,8.0,16.5,74,1,0,0
20,4,87.7,73.0,3.1,18.7,27,1,1,2
0,6,81.0,63.9,1.9,7.8,95,1,0,2
15,1,64.9,90.3,3.5,21.1,114,1,0,2
6,4,71.5,74.0,8.6,6.5,74,1,0,0
4,0,58.5,63.8,1.3,0.0,42,1,0,1
21,1,53.7,86.4,9.9,9.4,6,1,0,0
22,4,89.1,68.5,5.6,14.3,90,1,0,1
2,3,63.3,43.3,9.9,12.0,88,1,0,0
11,5,58.9,36.6,9.4,21.6,93,1,0,1
15,1,84.6,32.2,4.8,2.6,83,1,1,1
18,5,80.9,92.0,2.4,13.8,117,1,0,2
4,1,81.7,76.8,2.1,12.8,97,1,0,2
21,3,61.4,95.0,2.8,7.0,76,1,0,1
13,5,61.6,68.3,7.2,20.6,41,0,1,0
4,2,61.0,57.9,3.1,18.8,53,1,0,1
14,0,58.7,24.8,3.7,18.3,56,1,1,1
16,2,82.8,73.7,4.8,21.9,37,0,1,1
13,4,92.4,66.6,9.2,18.1,26,0,1,0
19,3,86.2,99.2,2.3,5.8,118,1,1,2
4,2,89.6,39.1,0.5,17.6,115,0,0,2
11,1,70.2,62.5,1.1,7.7,9,1,0,0
15,4,82.7,72.1,9.1,6.1,107,1,1,0
15,4,67.7,71.6,6.7,1.8,22,1,0,0
20,2,76.3,64.9,3.1,18.6,42,1,0,2
6,2,74.1,82.2,2.2,17.8,41,1,0,1
3,3,58.8,36.4,3.3,5.9,98,1,0,1
0,0,69.4,78.1,1.6,18.7,119,0,1,2
4,2,98.2,69.6,9.4,22.9,99,1,0,1
22,6,62.4,91.7,7.9,2.7,68,1,0,0
9,2,56.7,87.8,4.9,5.8,14,1,1,1
21,5,70.9,45.2,8.7,18.8,83,0,1,1
4,1,89.5,42.1,2.9,6.9,46,1,0,1
3,6,79.1,98.5,7.3,15.6,52,0,0,0
1,6,84.0,62.2,8.6,2.0,48,1,0,0
19,5,59.5,92.5,3.9,11.3,86,0,0,2
9,5,80.9,33.1,7.7,18.5,91,1,0,2
18,4,66.2,71.4,3.3,17.2,101,1,0,2
0,0,91.7,84.8,3.3,20.4,20,0,0,1
23,1,81.5,95.8,1.5,21.9,58,1,0,2
4,3,59.9,47.0,4.7,19.3,106,1,0,2
12,6,53.2,78.0,7.4,16.8,39,1,0,0
3,3,52.1,63.1,9.4,0.8,102,1,0,0
15,2,68.6,24.9,6.2,13.4,32,1,0,0
23,2,63.3,75.2,8.7,0.9,6,1,0,0
15,3,82.3,75.2,8.3,20.2,98,1,0,1
22,2,75.0,94.4,2.1,8.0,17,1,0,0
1,0,63.3,59.8,5.1,14.1,45,0,1,1
16,5,57.5,38.4,1.6,7.0,84,1,0,2
19,2,56.4,23.6,7.0,19.6,63,1,0,2
23,4,93.2,53.3,9.5,22.2,73,0,0,0
11,2,62.2,44.2,1.8,10.0,96,1,1,2
17,1,82.6,80.9,7.5,21.6,57,1,0,2
2,0,90.5,48.3,6.5,6.7,107,1,0,1
0,1,80.7,95.9,6.0,13.4,49,0,0,0
0,1,93.0,97.0,4.2,21.5,24,1,0,1
18,4,69.6,69.7,3.9,8.1,28,1,1,1
10,0,97.8,94.3,0.9,23.9,65,1,0,2
4,0,56.7,80.9,2.6,3.0,95,1,0,1
11,0,55.1,63.7,0.6,0.5,98,1,0,2
2,0,82.9,34.4,6.0,22.6,62,1,0,1
0,0,97.1,56.7,1.5,1.7,113,0,0,2
0,4,90.4,64.9,8.8,24.8,31,1,0,0
7,2,53.8,89.1,5.5,23.8,30,1,0,2
9,1,64.0,58.5,7.1,3.4,11,0,0,0
10,0,96.5,91.8,4.4,13.4,46,1,0,2
11,6,62.7,73.9,5.8,4.6,51,0,1,0
12,2,89.1,31.0,9.5,10.7,57,0,0,0
11,2,91.3,99.6,1.3,1.5,63,1,1,1
13,1,74.8,62.2,2.9,5.6,42,1,0,0
1,4,69.3,51.3,7.9,9.1,73,1,1,0
18,3,72.5,72.7,1.4,11.0,91,1,0,2
17,3,61.3,28.7,1.2,24.4,96,0,0,2
2,2,94.5,70.9,3.9,20.2,102,1,1,2
22,5,72.5,59.9,1.4,18.4,57,1,0,2
16,5,94.1,52.5,6.1,13.4,19,1,0,0
7,1,55.3,96.2,2.6,21.0,100,1,0,2
9,3,99.4,61.8,9.0,8.5,30,1,0,0
1,2,72.2,37.5,7.9,17.7,52,1,0,0
18,4,52.4,56.7,7.1,24.8,99,1,0,2
8,3,51.9,93.6,6.4,7.9,23,0,0,1
6,2,87.3,34.1,8.7,16.9,13,1,0,0
3,2,83.0,37.1,2.6,21.1,68,0,0,2
20,0,90.1,21.0,8.8,22.9,97,0,0,2
17,4,55.3,21.1,8.0,17.9,58,0,0,1
12,0,51.8,86.4,7.6,7.1,55,1,1,0
10,1,75.4,78.6,5.8,8.2,43,1,0,1
23,0,69.4,48.4,2.8,0.5,8,1,0,0
3,6,73.1,75.9,4.5,19.0,7,1,0,0
20,0,99.6,51.6,8.0,1.1,68,1,0,1
3,6,98.5,96.2,0.8,21.6,33,1,0,2
9,3,97.1,97.4,7.9,3.0,15,0,0,0
4,5,89.2,51.4,2.8,4.3,101,1,0,1
8,2,67.7,88.3,1.9,11.9,106,1,0,2
23,6,70.6,81.8,1.6,18.4,62,1,0,2
2,4,77.5,44.8,0.8,3.5,79,1,0,2
16,0,91.5,38.6,5.5,11.0,31,0,0,0
2,6,53.4,56.7,2.6,12.1,101,1,0,2
15,4,71.2,82.5,9.9,5.3,25,1,1,0
3,5,54.1,96.8,6.0,2.9,43,1,0,0
17,5,75.7,81.1,1.8,20.9,99,0,0,2
16,0,94.9,88.4,7.0,12.6,106,1,0,1
6,1,89.1,68.2,9.0,0.4,50,1,0,0
23,0,61.4,86.8,7.6,20.1,70,0,0,1
22,3,98.8,82.8,1.2,24.5,95,1,0,2
4,6,83.4,50.2,9.0,15.1,40,1,0,0
11,2,50.5,64.2,8.0,12.6,79,1,0,0
16,1,62.8,84.4,2.0,22.0,115,1,0,2
22,0,63.0,23.7,1.0,23.8,86,1,0,2
12,4,53.5,84.6,5.8,18.9,69,1,0,1
22,1,98.0,34.2,2.0,11.1,67,0,0,1
2,6,73.9,61.2,8.4,14.8,103,0,0,1
8,1,94.8,84.7,3.9,17.5,39,0,0,2
16,6,66.1,40.3,9.2,4.9,35,1,0,0
16,0,56.3,39.7,5.9,11.2,32,1,1,0
19,6,73.7,52.2,2.2,20.7,107,1,0,2
15,1,55.7,91.6,1.8,16.4,5,1,0,1
21,4,74.3,20.0,6.0,10.3,29,1,0,0
12,5,96.0,92.1,7.7,16.6,47,1,1,0
18,1,76.0,32.3,7.9,3.0,106,0,0,1
16,6,80.8,99.2,3.1,10.0,88,1,0,2
3,5,57.8,96.4,2.4,19.8,71,1,0,2
11,6,52.2,59.6,0.7,5.5,67,1,0,1
8,4,55.5,61.0,7.0,4.6,55,1,0,1
18,6,79.9,58.5,1.2,23.8,6,1,0,2
11,0,54.8,70.8,4.5,5.2,86,0,0,1
8,2,68.8,27.3,6.2,6.5,112,1,0,2
6,1,77.5,22.6,9.4,24.2,68,1,1,1
13,2,69.4,24.6,3.5,18.4,78,1,0,2
19,6,58.2,55.5,2.9,17.5,73,1,0,2
18,4,63.7,42.0,6.7,21.3,13,1,0,1
14,1,96.4,69.8,6.4,2.9,6,1,0,0
15,6,83.8,99.4,3.7,17.6,38,1,0,1
20,5,74.8,50.9,9.3,12.6,64,1,0,1
4,3,50.6,65.9,8.5,20.7,106,1,0,1
2,6,99.6,53.2,2.6,12.7,65,1,0,1
11,2,83.6,87.8,2.8,15.5,35,1,0,1
19,1,65.8,92.2,5.4,11.9,14,1,0,1
20,2,94.0,90.2,7.8,12.0,118,0,0,2
3,1,62.9,97.9,0.9,19.2,80,1,0,2
20,6,77.2,22.2,7.1,15.7,40,0,0,1
22,0,81.8,87.2,6.7,15.8,89,1,0,1
15,5,61.1,80.1,2.7,11.3,53,0,0,1
6,6,98.9,38.3,7.0,13.3,115,0,0,1
12,2,87.4,96.5,9.4,18.6,74,0,0,0
20,3,77.9,31.9,0.9,20.6,116,0,0,2
9,3,59.0,74.4,3.5,17.4,53,1,0,2
6,4,52.7,38.0,4.7,23.1,7,1,1,0
13,1,66.0,54.5,9.0,20.5,78,1,0,1
4,2,87.7,77.5,9.6,14.0,9,1,0,0
2,4,63.5,65.1,4.7,16.8,114,1,0,2
22,2,77.0,54.2,7.6,23.2,94,0,0,1
10,1,86.4,46.1,5.6,15.5,65,1,0,2
10,6,55.4,87.2,5.6,20.6,89,0,0,2
17,6,84.3,31.5,3.1,17.2,113,1,0,2
14,3,54.6,54.4,2.6,13.8,94,1,0,2
11,6,98.3,92.3,3.2,6.0,106,0,0,2
8,6,74.4,87.7,5.8,10.6,112,1,0,2
9,0,57.5,52.1,0.8,24.2,30,1,0,2
11,3,67.1,81.0,9.1,16.4,76,1,0,0
16,4,70.7,85.9,2.0,14.1,9,1,1,1
5,5,87.9,91.1,2.6,23.3,19,0,0,1
6,0,87.2,63.6,5.4,14.7,20,1,0,0
13,4,80.6,36.4,7.2,13.2,5,0,0,0
12,1,55.3,40.4,1.4,19.0,20,1,0,1
7,0,57.6,43.7,3.5,17.8,41,0,1,2
9,4,54.7,67.5,9.7,4.8,7,1,1,0
8,1,78.9,22.6,3.0,11.8,56,1,0,2
17,3,93.9,70.9,3.5,11.8,51,1,1,2
1,5,71.7,49.1,8.4,9.5,99,1,0,0
4,1,58.0,43.6,1.0,12.9,17,1,0,1
4,6,77.9,90.4,4.9,10.3,84,1,1,1
5,2,90.6,56.8,4.1,5.0,59,1,0,0
18,1,87.1,27.6,3.5,10.3,111,0,0,2
7,1,94.1,86.1,3.2,1.8,25,1,0,1
15,5,63.9,23.8,1.4,14.4,70,0,1,2
12,2,59.7,78.1,3.5,21.3,58,0,0,2
0,6,94.0,81.9,0.9,18.1,31,1,1,2
21,4,82.9,48.2,7.9,9.0,42,1,0,0
19,4,65.5,86.0,4.3,2.2,94,1,0,2
16,1,87.1,61.3,4.7,5.1,62,0,1,0
6,2,90.8,57.1,9.0,13.6,66,1,0,0
12,2,80.7,23.6,6.8,5.2,106,0,1,1
3,6,84.4,43.2,0.6,13.6,50,0,0,2
3,5,68.8,94.5,9.5,5.8,93,0,0,0
5,3,76.9,51.3,2.8,21.2,15,1,0,1
18,4,76.2,63.7,1.5,9.9,76,1,0,2
11,5,92.4,62.6,7.8,6.1,12,0,0,0
21,0,92.0,67.2,5.3,20.3,101,1,1,2
6,4,91.6,24.9,4.6,8.6,75,0,1,1
9,5,50.6,49.0,2.9,2.8,68,1,0,2
18,4,87.5,77.9,5.7,14.3,106,1,1,2
6,3,87.9,36.0,3.1,14.5,25,1,1,1
2,0,83.9,36.3,9.1,17.9,76,1,0,0
12,3,87.8,20.8,2.5,6.0,119,1,0,2
12,6,92.1,55.0,8.9,11.1,67,1,1,0
17,0,73.5,90.6,5.8,7.1,89,1,0,2
19,1,75.1,24.2,8.4,2.0,68,1,1,1
7,5,56.2,35.3,7.3,21.9,24,1,1,1
8,0,69.3,44.8,7.1,18.2,12,0,1,1
6,6,82.2,78.5,3.6,7.5,62,1,0,1
0,6,89.0,71.3,2.7,15.0,50,1,0,1
2,3,60.9,53.3,2.5,5.0,35,0,0,0
12,4,56.9,80.7,8.6,22.3,118,1,0,1
16,0,83.2,68.8,8.3,2.9,97,1,0,0
23,5,50.1,91.7,4.7,0.1,116,1,0,1
0,0,58.9,85.4,1.8,12.6,13,1,0,1
5,2,51.5,40.2,4.1,14.6,19,1,1,0
20,4,58.3,41.7,6.4,14.5,98,1,0,2
5,5,59.1,30.0,4.8,1.4,30,1,0,0
11,5,69.4,47.0,7.9,7.9,14,1,0,0
12,1,70.1,100.0,10.0,12.5,33,1,0,0
12,3,93.7,52.5,2.3,5.4,84,1,0,1
14,1,75.5,37.6,4.9,21.8,40,1,0,1
20,5,86.2,81.0,4.6,2.2,88,1,0,2
15,4,55.2,63.4,3.4,12.2,113,1,0,2
21,0,61.3,32.0,2.4,17.3,41,0,0,1
20,0,85.1,50.5,1.1,6.5,90,0,1,2
10,4,52.6,53.2,8.9,15.6,75,1,1,1
4,5,74.3,80.3,4.5,20.7,27,1,1,1
3,6,80.0,21.7,5.2,4.8,45,0,1,0
2,0,80.1,41.5,9.2,22.9,108,0,1,1
18,6,51.1,61.4,7.9,13.8,97,0,1,2
19,0,66.1,41.5,1.7,7.5,84,1,0,2
17,0,81.8,70.3,5.9,10.8,106,0,0,2
14,3,57.4,58.5,4.7,7.8,32,1,0,0
8,3,84.8,48.9,8.1,18.1,52,1,0,1
16,2,87.3,95.9,7.4,19.9,42,1,0,0
13,1,99.1,70.6,7.1,20.8,35,1,0,0
14,4,60.5,30.4,3.7,24.6,18,0,1,1
0,4,91.3,64.8,8.1,19.8,101,1,1,1
20,4,76.0,82.5,1.0,15.0,77,1,0,2
21,2,68.7,76.7,2.0,8.5,95,1,0,2
21,3,56.1,33.8,3.7,13.6,92,1,1,2
2,5,86.8,97.8,1.2,1.0,81,1,0,1
15,6,61.8,55.9,2.7,18.6,94,0,0,2
22,6,68.6,32.7,8.4,11.1,33,1,0,0
10,5,53.1,34.4,9.5,0.5,55,0,0,0
11,2,90.1,27.9,3.4,1.6,53,1,0,0
9,5,88.3,84.3,3.0,9.7,47,0,1,2
15,4,86.7,29.8,3.2,14.6,96,1,0,2
7,1,65.0,30.0,3.1,11.6,96,1,0,2
5,0,58.7,88.0,0.8,15.5,76,0,0,2
11,6,81.9,47.6,9.3,12.0,91,1,0,0
23,3,74.8,22.5,2.5,16.5,97,0,1,2
20,3,58.9,24.2,4.5,5.5,9,0,0,1
7,2,84.3,31.4,0.6,2.8,46,1,0,2
3,3,99.6,37.1,8.7,14.9,11,1,0,0
7,4,87.4,73.2,7.4,12.1,46,1,0,1
17,6,87.0,32.6,9.5,0.7,40,0,0,0
4,5,97.5,29.5,7.9,9.5,109,1,0,1
8,4,60.1,81.2,3.5,2.7,31,1,0,1
3,2,78.3,73.7,2.9,13.3,62,1,0,1
21,4,99.0,54.8,7.1,9.9,50,1,0,0
16,5,58.3,63.9,4.0,15.3,70,1,1,1
8,1,85.0,45.0,5.9,20.1,29,1,1,2
0,2,79.3,58.6,0.6,7.5,77,1,0,2
20,1,79.3,60.5,1.1,24.1,31,1,0,2
19,0,84.9,51.0,5.6,13.4,5,1,0,1
12,1,96.5,92.5,5.9,15.5,91,0,1,1
15,0,89.1,21.3,7.6,17.0,78,1,0,1
12,0,52.8,82.6,1.8,16.7,46,1,0,1
13,1,92.6,30.0,5.4,12.8,56,0,0,1
2,2,61.3,83.8,2.3,10.7,29,0,1,1
5,5,68.8,69.3,1.4,1.3,58,1,0,1
17,4,73.1,87.5,4.4,0.6,71,0,0,2
18,4,74.0,27.8,2.1,8.9,10,1,0,2
4,5,71.8,64.7,2.6,8.3,62,1,0,1
14,6,96.9,60.1,3.5,9.7,74,1,0,1
1,6,85.3,76.5,3.0,3.5,57,0,1,1
9,0,81.6,62.7,1.3,18.5,70,1,1,2
23,0,52.5,63.3,1.4,21.4,62,1,0,2
17,2,95.2,54.4,2.3,23.5,86,1,1,2
12,3,95.5,44.7,1.0,12.3,91,1,0,2
4,1,89.0,58.6,6.5,17.5,6,1,0,0
22,0,50.4,29.5,3.2,21.4,80,1,0,2
23,4,52.9,96.9,3.2,10.5,26,1,1,0
0,2,61.3,77.2,3.7,7.7,41,1,0,0
21,1,56.6,96.2,6.8,23.4,24,1,0,0
0,2,69.9,38.1,8.8,12.9,107,0,1,1
17,1,96.1,90.3,7.7,12.4,28,1,0,1
14,1,73.6,84.7,7.4,4.5,116,1,0,1
16,5,50.7,74.2,5.1,2.7,88,1,0,1
10,0,64.1,70.0,7.1,21.1,69,1,0,2
20,2,52.2,45.3,5.8,15.4,69,0,1,2
21,2,51.8,85.3,2.6,8.1,85,0,0,1
16,5,63.8,60.1,2.5,4.8,5,0,0,0
12,4,63.8,25.7,3.3,13.9,113,0,0,2
0,4,89.4,45.0,9.2,14.6,98,1,0,1
1,6,98.7,94.8,5.7,5.2,109,0,0,1
8,0,68.6,88.1,7.5,21.3,115,0,0,2
2,0,71.4,98.6,3.8,2.1,7,1,1,0
0,3,92.2,70.2,4.4,8.9,50,1,0,0
20,5,63.4,39.8,1.7,17.0,59,1,0,2
15,4,57.8,33.0,2.1,6.9,79,1,0,1
22,1,92.7,35.0,8.4,20.7,92,1,0,1
5,2,52.3,21.6,6.1,18.5,90,0,0,1
16,0,81.0,51.3,3.7,19.7,68,1,0,2
4,2,78.1,35.3,8.1,3.0,112,0,1,0
4,2,67.3,52.9,2.8,3.5,49,1,0,0
5,3,65.8,94.8,9.8,7.2,30,1,0,0
2,4,88.6,54.4,3.8,13.0,81,1,0,1
20,0,54.3,90.2,3.7,18.7,69,1,1,2
22,2,61.8,68.4,3.5,20.9,28,1,0,1
4,0,86.6,39.8,1.7,17.6,78,0,0,2
20,1,77.4,48.5,1.6,23.2,39,1,0,2
4,3,56.4,26.7,6.7,18.5,28,1,0,0
9,1,94.1,46.7,8.8,7.7,32,1,0,0
9,0,69.7,74.2,8.0,6.6,104,0,1,2
18,6,91.4,25.8,1.8,17.4,84,1,0,2
16,0,89.4,36.4,5.7,4.8,108,1,0,1
20,4,81.2,50.5,1.5,2.3,20,1,0,1
13,2,74.7,98.6,0.9,13.3,63,1,0,2
8,2,99.0,82.8,6.7,20.5,85,1,0,2
13,1,57.2,78.7,5.6,2.5,119,1,0,1
0,3,86.3,29.3,1.3,19.8,58,1,0,2
18,6,59.6,82.5,0.8,20.3,83,1,0,2
12,5,66.9,82.8,9.9,12.1,20,1,0,0
12,2,65.4,68.1,0.8,1.4,19,1,0,0
3,4,97.4,99.2,4.7,4.4,102,0,1,1
0,1,98.4,46.0,5.3,17.7,15,0,0,0
16,1,59.2,95.3,1.6,17.8,69,1,0,2
7,5,51.1,93.2,2.1,22.5,83,0,1,2
1,4,86.0,20.9,3.8,14.6,94,1,0,2
7,3,70.9,56.0,7.7,3.1,119,1,1,2
6,4,54.4,98.2,5.3,3.0,72,1,1,0
1,3,84.2,28.2,6.6,18.0,47,1,1,0
21,4,77.3,63.8,9.9,4.6,73,1,1,0
21,4,99.0,98.3,7.8,8.2,103,0,0,1
2,0,61.4,64.4,4.6,12.2,17,1,0,0
17,1,70.2,35.2,4.7,0.6,14,1,0,0
11,4,77.1,66.6,6.4,6.2,79,1,0,0
0,5,89.6,36.4,6.8,10.2,86,1,0,1
21,4,77.4,61.6,5.3,7.0,102,1,0,1
11,2,80.6,25.9,6.6,3.4,107,0,0,1
4,1,61.3,68.4,0.7,18.2,45,1,1,2
16,2,92.3,61.3,4.6,20.3,110,1,1,2
15,1,71.4,79.2,3.1,6.4,54,0,1,1
14,2,57.0,70.5,1.7,19.4,91,1,0,2
22,4,83.2,64.0,1.4,9.6,75,1,1,2
14,4,60.8,75.2,6.2,12.7,63,1,1,0
4,0,54.9,31.5,5.5,21.4,43,0,0,1
20,5,93.1,67.6,2.9,18.7,7,0,0,2
13,2,73.0,33.8,5.0,20.1,80,1,1,2
1,3,87.5,94.0,5.2,3.4,11,0,1,0
10,0,64.5,25.5,2.4,1.7,53,1,0,2
18,2,89.3,54.4,6.7,22.3,30,1,0,2
6,2,55.6,75.7,7.9,9.7,37,1,0,0
5,0,67.8,56.6,8.0,7.2,105,1,0,0
1,4,98.9,27.4,6.2,18.1,52,1,1,1
5,2,89.7,64.3,5.4,20.9,83,0,1,2
17,4,74.9,71.3,1.1,21.6,6,1,0,2
1,0,67.0,76.3,3.2,7.9,109,1,0,2
17,4,93.6,49.9,1.4,21.3,75,1,0,2
14,1,77.2,65.1,9.7,1.0,36,1,0,0
18,3,87.9,56.1,1.8,1.2,8,1,0,1
1,6,87.7,73.8,1.9,15.6,24,1,0,1
19,2,50.9,66.7,9.0,1.6,118,0,0,1
5,5,56.3,62.1,9.5,8.1,40,0,0,0
0,3,83.0,40.0,7.8,16.8,36,1,0,0
23,6,58.1,20.2,0.6,8.4,32,1,0,1
14,4,62.8,33.9,0.5,4.5,81,1,0,2
22,2,97.3,29.4,4.1,7.0,5,1,0,0
9,4,78.0,55.9,1.9,11.4,64,1,0,2
18,1,87.5,69.0,0.7,11.9,60,1,1,2
16,0,77.9,37.0,4.9,19.6,39,1,1,1
4,2,77.6,95.1,9.5,18.8,116,0,1,1
3,6,54.7,20.5,3.6,11.4,34,1,1,1
9,6,67.2,81.8,6.8,21.1,58,1,0,2
23,1,64.1,70.0,6.7,2.9,40,0,0,0
16,1,69.5,49.9,2.9,6.4,59,1,0,1
9,2,89.9,24.0,6.7,20.7,93,1,1,2
16,4,68.6,70.2,2.5,9.4,84,0,1,2
19,5,72.6,50.8,1.7,24.5,62,1,0,2
23,6,69.9,94.9,7.2,11.7,87,1,0,1
4,6,54.7,63.4,1.6,19.8,69,0,0,2
1,1,72.1,95.2,10.0,10.1,73,1,0,0
5,3,59.8,37.6,2.2,10.6,55,0,0,1
20,1,59.3,78.1,6.1,9.6,26,1,0,1
1,5,54.7,69.4,4.4,18.0,92,0,0,2
12,4,67.8,79.2,1.7,13.7,111,1,0,2
10,4,87.9,37.2,0.8,23.6,113,1,0,2
10,3,63.8,73.2,6.4,6.3,105,0,0,2
15,6,65.6,59.8,8.2,2.5,57,1,1,0
10,1,82.1,79.4,8.5,9.8,104,1,0,2
18,4,59.8,46.2,5.1,15.4,40,1,1,2
14,5,94.8,91.2,7.9,21.5,72,1,1,1
22,2,76.0,26.7,6.9,8.7,40,1,0,0
22,0,72.4,84.6,7.4,16.3,56,0,0,0
15,0,77.9,88.9,5.2,8.8,57,0,0,0
10,0,58.3,85.4,6.5,15.4,86,1,0,2
21,6,80.7,61.0,8.2,22.1,54,1,1,0
15,1,68.2,55.1,4.3,5.8,84,1,0,1
7,3,94.9,99.7,8.2,10.1,45,1,1,1
3,4,58.4,38.3,6.1,24.8,22,1,0,1
7,2,75.4,63.8,2.1,21.7,26,1,0,2
3,5,79.9,73.7,0.7,14.1,70,1,0,2
23,2,51.7,76.1,3.9,12.9,25,0,0,0
2,5,68.2,36.3,5.7,7.1,104,1,0,1
2,6,86.6,72.3,8.5,12.9,48,1,1,0
17,1,91.0,85.5,1.7,21.2,107,1,0,2
18,0,65.7,24.0,8.1,17.1,51,0,0,1
18,1,89.9,92.9,8.7,7.3,43,1,0,0
20,6,98.4,22.4,1.9,5.0,33,1,0,2
4,3,92.8,48.5,8.6,6.6,58,0,1,0
17,3,55.9,21.3,9.9,4.2,94,1,1,1
9,6,87.0,26.2,7.4,2.4,89,1,0,1
21,5,66.0,92.9,8.0,10.5,21,1,1,0
20,4,99.4,48.4,9.9,2.8,84,1,0,1
5,4,74.3,54.0,6.3,4.3,64,1,0,0
0,5,56.1,37.2,3.4,13.7,35,0,0,1
4,3,86.3,67.8,8.5,4.1,119,0,1,0
8,3,66.2,67.6,6.3,1.6,77,1,0,1
11,3,99.9,49.8,6.0,7.9,99,1,0,1
13,1,99.0,46.6,2.9,5.5,82,0,0,1
1,3,82.8,90.8,7.7,12.9,53,1,0,0
16,2,56.5,50.7,1.3,2.6,105,1,0,2
13,0,84.3,59.5,9.3,18.8,6,1,0,0
12,3,54.7,42.7,3.6,22.7,52,0,0,2
8,5,51.5,82.9,1.7,18.6,114,1,0,2
14,0,91.1,51.8,4.7,13.3,18,0,0,0
21,1,60.5,61.1,0.9,21.5,63,1,0,2
14,5,69.0,40.3,7.0,17.4,101,1,0,1
23,0,98.7,99.0,9.1,0.3,103,1,0,0
10,5,66.8,43.3,8.5,9.9,62,0,1,1
15,1,64.8,81.7,1.7,21.3,107,0,0,2
16,2,95.9,54.2,1.7,8.6,62,1,0,1
3,1,55.5,36.5,8.2,0.9,115,1,0,0
0,1,88.0,84.0,9.3,18.7,55,1,1,0
7,5,99.4,46.7,4.9,20.1,88,1,1,2
16,6,95.1,89.2,5.2,4.0,6,1,0,0
2,4,82.6,93.2,3.5,13.4,119,1,0,2
19,3,65.7,88.8,9.0,4.8,45,0,0,0
14,3,62.7,22.8,6.6,18.0,87,0,0,1
14,2,91.0,83.0,3.2,6.8,105,0,0,2
23,2,94.0,52.9,3.3,7.9,86,1,0,1
21,3,76.3,89.9,9.0,21.1,20,1,0,0
13,4,62.2,71.0,0.6,11.9,8,1,0,1
22,3,55.6,86.7,3.6,16.7,16,0,0,1
13,6,54.4,60.0,5.8,10.1,33,0,0,0
23,4,86.0,62.8,1.9,7.5,11,0,0,0
1,2,71.0,31.6,1.4,15.6,18,1,0,1
12,0,95.3,82.7,8.2,3.9,16,1,0,0
13,5,87.0,53.6,9.0,9.3,103,1,0,0
23,6,59.6,60.0,8.3,5.2,9,0,0,0
18,6,80.7,82.8,9.0,17.4,85,0,0,2
6,2,71.8,67.9,5.8,23.6,110,0,0,2
2,2,78.9,36.1,8.2,24.9,36,0,0,0
14,1,86.9,67.2,4.1,11.3,78,1,0,1
22,6,90.3,52.6,6.8,6.3,47,0,0,0
13,1,92.2,57.6,9.9,11.1,85,1,0,0
10,1,62.7,22.3,2.6,21.2,73,1,0,2
14,5,51.6,36.8,4.2,5.2,49,1,0,0
12,1,87.0,42.5,5.1,23.8,110,1,0,2
17,4,55.3,77.0,1.8,8.5,13,1,0,2
5,3,65.7,20.9,1.3,24.6,53,0,0,2
2,0,50.2,52.7,8.4,21.0,37,1,1,0
18,2,84.1,93.9,9.8,20.2,104,1,0,2
14,4,58.4,29.0,4.3,7.9,104,0,0,1
22,0,82.8,61.3,1.3,0.2,22,1,0,0
4,6,99.6,82.9,1.1,9.6,13,1,0,1
9,6,53.6,95.4,9.0,7.5,66,1,1,1
6,6,53.9,79.7,4.9,0.9,61,0,0,0
16,4,67.0,77.6,3.5,12.6,33,0,1,1
6,4,93.3,86.1,5.0,10.1,118,1,0,2
21,2,60.8,55.7,3.5,15.9,82,0,0,2
11,3,68.0,84.5,5.1,15.5,29,1,1,0
16,1,53.4,20.6,8.7,3.0,19,1,0,0
12,6,88.2,94.0,6.1,24.4,10,0,0,0
19,5,70.4,55.5,7.1,4.7,46,1,0,1
3,3,88.0,64.3,4.0,11.1,33,1,0,0
9,5,95.2,40.4,7.5,12.2,83,0,0,2
2,2,61.6,79.4,6.8,20.3,97,1,0,1
8,2,90.4,26.1,1.6,2.5,8,1,0,1
12,2,53.0,89.8,5.9,10.7,86,1,1,1
17,0,94.9,86.2,2.9,15.7,118,1,1,2
14,5,82.5,37.3,8.1,5.4,61,1,0,0
3,3,93.7,84.7,4.5,15.7,53,1,0,1
14,3,50.0,82.9,9.9,23.1,48,1,0,0
21,4,58.5,70.6,1.4,24.9,107,1,0,2
1,4,69.5,49.9,7.9,0.8,84,1,1,0
14,6,69.0,41.7,6.9,5.9,79,1,0,0
7,4,61.3,38.5,7.8,7.8,18,0,0,0
7,2,69.1,45.5,3.4,10.0,7,1,1,1
16,3,56.4,92.3,5.2,6.1,119,1,1,1
11,5,70.6,26.2,8.1,5.1,118,0,0,1
18,2,90.1,86.3,2.7,23.9,66,1,0,2
9,0,74.0,47.9,2.6,23.0,110,0,0,2
8,4,50.9,61.7,5.7,1.2,68,0,1,1
4,2,71.1,83.6,5.5,8.5,106,1,0,1
5,2,51.4,90.8,3.2,10.1,49,1,0,1
19,0,98.3,47.6,3.3,6.0,110,0,0,2
1,1,56.4,56.9,3.1,15.7,86,1,0,2
23,3,85.4,53.2,7.8,16.0,62,1,0,0
12,5,98.6,21.1,6.7,21.3,24,0,1,0
5,6,91.3,43.7,8.4,18.5,62,1,1,0
4,1,85.0,56.7,9.8,13.6,116,1,1,1
0,4,92.0,52.9,5.0,16.3,93,1,0,2
20,2,99.1,77.8,1.1,6.8,61,1,0,2
21,0,81.1,50.8,1.0,14.8,106,1,1,2
20,0,78.0,59.2,3.3,12.2,81,0,0,2
5,3,81.4,54.4,9.4,3.3,72,0,0,0
5,1,76.6,79.3,5.5,6.1,82,1,0,1
22,6,81.8,89.0,3.1,7.3,101,1,1,2
15,3,72.5,62.6,4.3,23.1,96,0,0,2
3,2,60.9,83.2,6.2,5.8,56,1,1,0
10,3,56.0,43.7,6.7,7.2,41,1,0,1
23,5,53.4,63.3,2.0,9.2,12,0,0,0
22,0,63.2,47.6,9.8,16.6,48,0,0,0
8,0,52.3,53.1,5.7,3.0,102,1,0,2
22,4,78.4,78.6,1.8,23.8,112,1,0,2
2,4,64.2,90.5,9.0,21.6,9,0,1,0
18,6,91.2,29.7,1.2,14.4,73,1,0,2
7,2,53.7,70.8,9.1,16.9,35,1,0,1
4,5,61.3,66.6,10.0,0.4,49,1,0,0
3,1,86.5,29.5,7.2,8.5,13,0,0,0
23,3,79.9,37.0,7.8,19.9,110,1,0,1
5,6,53.2,44.9,3.7,1.9,36,1,0,0
1,2,93.9,33.4,9.4,7.1,37,1,1,0
19,4,93.9,39.5,5.5,14.6,71,1,0,2
10,3,66.5,41.4,7.5,6.4,34,1,0,0
3,4,67.0,46.9,9.3,23.3,118,1,0,1
14,3,99.5,80.0,9.8,3.3,80,1,0,0
5,1,81.3,65.8,8.4,19.9,33,0,1,0
21,2,76.6,98.9,3.4,12.7,7,0,0,0
16,3,91.9,53.2,9.7,18.8,94,1,1,1
23,5,64.3,80.3,6.5,7.8,61,0,0,0
5,6,71.5,89.7,9.3,12.9,34,0,0,0
18,0,63.4,74.3,6.9,21.4,13,1,1,1
1,5,89.5,52.9,3.4,11.7,30,0,0,1
14,5,78.7,80.3,4.0,9.0,6,0,0,0
10,6,82.9,36.3,5.7,13.4,66,0,0,2
7,0,62.6,46.2,8.0,17.9,7,1,1,1
18,5,61.0,63.7,3.5,11.1,50,1,0,2
12,3,74.4,66.0,6.0,23.5,72,1,0,1
11,3,86.9,21.8,3.8,7.4,29,1,0,0
4,3,76.3,95.6,8.2,11.9,55,1,0,0
5,0,51.6,75.7,4.9,18.9,17,1,1,0
21,5,93.4,59.7,1.2,17.2,107,1,0,2
3,0,53.2,94.7,2.1,21.6,48,1,0,2
18,3,97.8,55.1,1.1,24.9,39,1,1,2
19,6,51.3,98.4,5.2,10.7,59,0,0,2
0,5,84.7,61.0,1.5,2.8,91,0,0,2
19,5,54.1,29.1,1.6,0.8,13,0,0,1
16,4,95.5,81.2,9.4,18.2,6,1,0,0
11,4,73.2,74.3,8.8,21.9,65,1,0,0
